"LabelValue","Name","Color_R","Color_G","Color_B","Color_A","Category_CodingScheme","Category_CodeValue","Category_CodeMeaning","Type_CodingScheme","Type_CodeValue","Type_CodeMeaning","TypeModifier_CodingScheme","TypeModifier_CodeValue","TypeModifier_CodeMeaning","Region_CodingScheme","Region_CodeValue","Region_CodeMeaning","RegionModifier_CodingScheme","RegionModifier_CodeValue","RegionModifier_CodeMeaning"
1,"cranium",158,247,109,255,"SCT","123037004","Anatomical Structure","UBERON","3128","cranium","","","","","","","","",""
2,"mandible",78,26,157,255,"SCT","123037004","Anatomical Structure","UBERON","1684","mandible","","","","","","","","",""
3,"hyoid apparatus",240,35,157,255,"SCT","123037004","Anatomical Structure","UBERON","10272","hyoid apparatus","","","","","","","","",""
4,"cervical vertebra",250,170,50,255,"Uberon","http://purl.obolibrary.org/obo/UBERON_0005944","axial skeleton plus cranial skeleton","Uberon","http://purl.obolibrary.org/obo/UBERON_0002413","cervical vertebra","","","","","","","","",""
5,"trunk vertebra",244,45,27,255,"SCT","123037004","Anatomical Structure","UBERON","11677","trunk vertebra","","","","","","","","",""
6,"sacral vertebra",255,85,0,255,"SCT","123037004","Anatomical Structure","UBERON","1094","sacral vertebra","","","","","","","","",""
7,"caudal vertebra",255,170,127,255,"Uberon","http://purl.obolibrary.org/obo/UBERON_0005944","axial skeleton plus cranial skeleton","Uberon","http://purl.obolibrary.org/obo/UBERON_0001095","caudal vertebra","","","","","","","","",""
8,"ilium",101,56,199,255,"Uberon","http://purl.obolibrary.org/obo/UBERON_0002091","appendicular skeleton","Uberon","http://purl.obolibrary.org/obo/UBERON_0001273","ilium","","","","","","","","",""
9,"ischium",240,77,115,255,"Uberon","http://purl.obolibrary.org/obo/UBERON_0002091","appendicular skeleton","Uberon","http://purl.obolibrary.org/obo/UBERON_0001274","ischium","","","","","","","","",""
10,"pubis",255,170,255,255,"Uberon","http://purl.obolibrary.org/obo/UBERON_0002091","appendicular skeleton","Uberon","http://purl.obolibrary.org/obo/UBERON_0001275","pubis","","","","","","","","",""
11,"sternum",87,197,211,255,"Uberon","http://purl.obolibrary.org/obo/UBERON_0005944","axial skeleton plus cranial skeleton","Uberon","http://purl.obolibrary.org/obo/UBERON_0000975","sternum","","","","","","","","",""
12,"coracoid bone",85,0,127,255,"Uberon","http://purl.obolibrary.org/obo/UBERON_0002091","appendicular skeleton","Uberon","http://purl.obolibrary.org/obo/UBERON_0004743","coracoid bone","","","","","","","","",""
13,"scapula",255,211,52,255,"Uberon","http://purl.obolibrary.org/obo/UBERON_0002091","appendicular skeleton","Uberon","http://purl.obolibrary.org/obo/UBERON_0006849","scapula","","","","","","","","",""
14,"acromion",0,255,255,255,"Uberon","http://purl.obolibrary.org/obo/UBERON_0002091","appendicular skeleton","Uberon","http://purl.obolibrary.org/obo/UBERON_0002497","acromion","","","","","","","","",""
15,"clavicle bone",116,217,69,255,"Uberon","http://purl.obolibrary.org/obo/UBERON_0002091","appendicular skeleton","Uberon","http://purl.obolibrary.org/obo/UBERON_0001105","clavicle bone","","","","","","","","",""
16,"humerus",49,87,255,255,"Uberon","http://purl.obolibrary.org/obo/UBERON_0002091","appendicular skeleton","Uberon","http://purl.obolibrary.org/obo/UBERON_0000976","humerus","","","","","","","","",""
17,"radius bone",208,241,141,255,"Uberon","http://purl.obolibrary.org/obo/UBERON_0002091","appendicular skeleton","Uberon","http://purl.obolibrary.org/obo/UBERON_0001423","radius bone","","","","","","","","",""
18,"ulna",132,177,200,255,"Uberon","http://purl.obolibrary.org/obo/UBERON_0002091","appendicular skeleton","Uberon","http://purl.obolibrary.org/obo/UBERON_0001424","ulna","","","","","","","","",""
19,"carpal bone",205,77,121,255,"Uberon","http://purl.obolibrary.org/obo/UBERON_0002091","appendicular skeleton","Uberon","http://purl.obolibrary.org/obo/UBERON_0001435","carpal bone","","","","","","","","",""
20,"metacarpal bone",233,233,99,255,"Uberon","http://purl.obolibrary.org/obo/UBERON_0002091","appendicular skeleton","Uberon","http://purl.obolibrary.org/obo/UBERON_0002374","metacarpal bone","","","","","","","","",""
21,"phalanx of manus",255,170,201,255,"SCT","123037004","Anatomical Structure","UBERON","1436","phalanx of manus","","","","","","","","",""
22,"femur",240,77,115,255,"Uberon","http://purl.obolibrary.org/obo/UBERON_0002091","appendicular skeleton","Uberon","http://purl.obolibrary.org/obo/UBERON_0000981","femur","","","","","","","","",""
23,"tibia",167,171,121,255,"Uberon","http://purl.obolibrary.org/obo/UBERON_0002091","appendicular skeleton","Uberon","http://purl.obolibrary.org/obo/UBERON_0000979","tibia","","","","","","","","",""
24,"fibula",41,95,204,255,"Uberon","http://purl.obolibrary.org/obo/UBERON_0002091","appendicular skeleton","Uberon","http://purl.obolibrary.org/obo/UBERON_0001446","fibula","","","","","","","","",""
25,"tarsal bone",240,77,115,255,"Uberon","http://purl.obolibrary.org/obo/UBERON_0002091","appendicular skeleton","Uberon","http://purl.obolibrary.org/obo/UBERON_0001447","tarsal bone","","","","","","","","",""
26,"metatarsal bone",199,199,84,255,"Uberon","http://purl.obolibrary.org/obo/UBERON_0002091","appendicular skeleton","Uberon","http://purl.obolibrary.org/obo/UBERON_0001448","metatarsal bone","","","","","","","","",""
27,"phalanx of pes",225,150,177,255,"SCT","123037004","Anatomical Structure","UBERON","1449","phalanx of pes","","","","","","","","",""
28,"rib",210,210,210,255,"SCT","123037004","Anatomical Structure","UBERON","0002228","rib","","","","","","","","",""
29,"plastron",85,170,255,255,"SCT","123037004","Anatomical Structure","UBERON","0008276","plastron","","","","","","","","",""
30,"carapace",170,85,127,255,"SCT","123037004","Anatomical Structure","UBERON","0008275","carapace","","","","","","","","",""
31,"epiplastron",0,170,255,255,"SCT","123037004","Anatomical Structure","UBERON","0011658","epiplastron","","","","","","","","",""
32,"entoplastron",38,132,255,255,"SCT","123037004","Anatomical Structure","UBERON","0011659","entoplastron","","","","","","","","",""
33,"hyoplastron",103,151,255,255,"SCT","123037004","Anatomical Structure","UBERON","0014707","hyoplastron","","","","","","","","",""
34,"hypoplastron",29,211,228,255,"SCT","123037004","Anatomical Structure","UBERON","0011660","hypoplastron","","","","","","","","",""
35,"xiphiplastron",113,199,212,255,"SCT","123037004","Anatomical Structure","UBERON","0011661","xiphiplastron","","","","","","","","",""
36,"nuchal plate of carapace",255,5,251,255,"SCT","123037004","Anatomical Structure","UBERON","0011671","nuchal plate of carapace","","","","","","","","",""
37,"costal plate of carapace",255,167,240,255,"SCT","123037004","Anatomical Structure","UBERON","0014708","costal plate of carapace","","","","","","","","",""
38,"neural plate of carapace",216,150,164,255,"SCT","123037004","Anatomical Structure","UBERON","0011669","neural plate of carapace","","","","","","","","",""
39,"peripheral plate of carapace",227,148,253,255,"SCT","123037004","Anatomical Structure","UBERON","0011666","peripheral plate of carapace","","","","","","","","",""
40,"suprapygal plate of carapace",119,13,172,255,"SCT","123037004","Anatomical Structure","UBERON","0011672","suprapygal plate of carapace","","","","","","","","",""
41,"pygal plate of carapace",170,0,127,255,"SCT","123037004","Anatomical Structure","UBERON","0011670","pygal plate of carapace","","","","","","","","",""
